food_name,category,unit,cost_per_kg,co2_factor,water_factor,factor_source,factor_reference,factor_date,is_estimated,notes,selling_price,portion_size_g,low_stock_threshold,production_mode,factor_version
Rice,Cereals,plate,45,4.45,2248.4,"Poore & Nemecek (2018), Science 360(6392):987-992 (global mean, processed by Our World in Data)",GHG: https://ourworldindata.org/grapher/ghg-per-kg-poore | Water: https://ourworldindata.org/grapher/water-withdrawals-per-kg-poore,Reference year 2010 (published 2018),0,Direct match: rice (global average).,80,250,3,pre_prepared,Poore-2018
Roti,Breads,piece,35,1.57,647.5,Poore & Nemecek (2018) via Our World in Data (wheat & rye category),GHG: https://ourworldindata.org/grapher/ghg-per-kg-poore | Water: https://ourworldindata.org/grapher/water-withdrawals-per-kg-poore,Reference year 2010 (published 2018),1,Approximated using the wheat & rye factor (roti is a wheat product).,10,50,2,pre_prepared,Poore-2018
Chapati,Breads,piece,35,1.57,647.5,Poore & Nemecek (2018) via Our World in Data (wheat & rye category),GHG: https://ourworldindata.org/grapher/ghg-per-kg-poore | Water: https://ourworldindata.org/grapher/water-withdrawals-per-kg-poore,Reference year 2010 (published 2018),1,Approximated using the wheat & rye factor (chapati is a wheat product).,10,50,2,pre_prepared,Poore-2018
Dal,Pulses,bowl,110,1.79,435.7,Poore & Nemecek (2018) via Our World in Data (other pulses category),GHG: https://ourworldindata.org/grapher/ghg-per-kg-poore | Water: https://ourworldindata.org/grapher/water-withdrawals-per-kg-poore,Reference year 2010 (published 2018),1,Approximated using the pulses factor.,70,200,3,pre_prepared,Poore-2018
Bhaji,Vegetables,portion,60,0.53,102.5,Poore & Nemecek (2018) via Our World in Data (other vegetables category),GHG: https://ourworldindata.org/grapher/ghg-per-kg-poore | Water: https://ourworldindata.org/grapher/water-withdrawals-per-kg-poore,Reference year 2010 (published 2018),1,Approximated using the mixed vegetables factor (vegetable dish).,60,150,2,pre_prepared,Poore-2018
Sabzi,Vegetables,portion,60,0.53,102.5,Poore & Nemecek (2018) via Our World in Data (other vegetables category),GHG: https://ourworldindata.org/grapher/ghg-per-kg-poore | Water: https://ourworldindata.org/grapher/water-withdrawals-per-kg-poore,Reference year 2010 (published 2018),1,Approximated using the mixed vegetables factor (vegetable dish).,60,150,2,pre_prepared,Poore-2018
Paneer,Dairy,plate,400,23.88,5605.2,Poore & Nemecek (2018) via Our World in Data (cheese category),GHG: https://ourworldindata.org/grapher/ghg-per-kg-poore | Water: https://ourworldindata.org/grapher/water-withdrawals-per-kg-poore,Reference year 2010 (published 2018),1,"Approximated using the cheese factor. Paneer processing differs from cheese, so treat as a rough proxy.",220,200,1,pre_prepared,Poore-2018
Potato,Vegetables,portion,30,0.46,59.1,Poore & Nemecek (2018) via Our World in Data,GHG: https://ourworldindata.org/grapher/ghg-per-kg-poore | Water: https://ourworldindata.org/grapher/water-withdrawals-per-kg-poore,Reference year 2010 (published 2018),0,Direct match: potatoes (global average).,50,150,2,pre_prepared,Poore-2018
Vegetables,Vegetables,portion,50,0.53,102.5,Poore & Nemecek (2018) via Our World in Data (other vegetables category),GHG: https://ourworldindata.org/grapher/ghg-per-kg-poore | Water: https://ourworldindata.org/grapher/water-withdrawals-per-kg-poore,Reference year 2010 (published 2018),0,Direct category match: other vegetables (global average).,55,150,2,pre_prepared,Poore-2018
Milk,Dairy,glass,55,3.15,628.2,Poore & Nemecek (2018) via Our World in Data,GHG: https://ourworldindata.org/grapher/ghg-per-kg-poore | Water: https://ourworldindata.org/grapher/water-withdrawals-per-kg-poore,Reference year 2010 (published 2018),0,Direct match: milk (global average).,25,200,2,pre_prepared,Poore-2018
Curd,Dairy,bowl,70,3.15,628.2,Poore & Nemecek (2018) via Our World in Data (milk category),GHG: https://ourworldindata.org/grapher/ghg-per-kg-poore | Water: https://ourworldindata.org/grapher/water-withdrawals-per-kg-poore,Reference year 2010 (published 2018),1,Approximated using the milk factor (curd is a milk product).,40,150,1,pre_prepared,Poore-2018
Bread,Bakery,slice,55,1.57,647.5,Poore & Nemecek (2018) via Our World in Data (wheat & rye category),GHG: https://ourworldindata.org/grapher/ghg-per-kg-poore | Water: https://ourworldindata.org/grapher/water-withdrawals-per-kg-poore,Reference year 2010 (published 2018),1,Approximated using the wheat & rye factor (bread is a wheat product).,30,100,1,pre_prepared,Poore-2018
Poha,Snacks,plate,50,4.45,2248.4,Poore & Nemecek (2018) via Our World in Data (rice category),GHG: https://ourworldindata.org/grapher/ghg-per-kg-poore | Water: https://ourworldindata.org/grapher/water-withdrawals-per-kg-poore,Reference year 2010 (published 2018),1,Approximated using the rice factor (poha is flattened rice).,45,200,1,pre_prepared,Poore-2018
Upma,Snacks,plate,45,1.57,647.5,Poore & Nemecek (2018) via Our World in Data (wheat & rye category),GHG: https://ourworldindata.org/grapher/ghg-per-kg-poore | Water: https://ourworldindata.org/grapher/water-withdrawals-per-kg-poore,Reference year 2010 (published 2018),1,Approximated using the wheat & rye factor (semolina is a wheat product).,45,200,1,pre_prepared,Poore-2018
Idli,Breakfast,piece,40,3.56,1644.2,"Calculated composite: weighted average of two sourced factors (rice + pulses, 2:1)",GHG: https://ourworldindata.org/grapher/ghg-per-kg-poore | Water: https://ourworldindata.org/grapher/water-withdrawals-per-kg-poore,Calculated from 2010 reference data (published 2018),1,Composite of rice and pulses factors: (2x4.45 + 1x1.79)/3 = 3.56 kg CO2e/kg; (2x2248.4 + 1x435.7)/3 = 1644.2 L/kg. Assumes 2 parts rice : 1 part pulses (dry weight). Adjust in the Food Database if your recipe differs.,15,60,1,pre_prepared,Composite-2018
Dosa,Breakfast,plate,45,3.56,1644.2,"Calculated composite: weighted average of two sourced factors (rice + pulses, 2:1)",GHG: https://ourworldindata.org/grapher/ghg-per-kg-poore | Water: https://ourworldindata.org/grapher/water-withdrawals-per-kg-poore,Calculated from 2010 reference data (published 2018),1,Composite of rice and pulses factors (same assumption as Idli): 2 parts rice : 1 part pulses (dry weight).,60,120,1,made_to_order,Composite-2018
Biryani,Main Dish,plate,180,4.45,2248.4,Poore & Nemecek (2018) via Our World in Data (rice category),GHG: https://ourworldindata.org/grapher/ghg-per-kg-poore | Water: https://ourworldindata.org/grapher/water-withdrawals-per-kg-poore,Reference year 2010 (published 2018),1,Rice-dominant mixed dish approximated using the rice factor.,180,350,2,pre_prepared,Poore-2018
Other,Mixed,portion,60,0.53,102.5,Poore & Nemecek (2018) via Our World in Data (other vegetables category),GHG: https://ourworldindata.org/grapher/ghg-per-kg-poore | Water: https://ourworldindata.org/grapher/water-withdrawals-per-kg-poore,Reference year 2010 (published 2018),1,Generic placeholder for uncategorized items. Update with a better matching factor in the Food Database.,50,150,0,pre_prepared,Poore-2018
Egg,Protein,piece,90,4.67,577.7,Poore & Nemecek (2018) via Our World in Data,GHG: https://ourworldindata.org/grapher/ghg-per-kg-poore | Water: https://ourworldindata.org/grapher/water-withdrawals-per-kg-poore,Reference year 2010 (published 2018),0,Direct match: eggs (global average).,25,50,1,made_to_order,Poore-2018
Chicken,Protein,portion,220,9.87,660,Poore & Nemecek (2018) via Our World in Data (poultry meat category),GHG: https://ourworldindata.org/grapher/ghg-per-kg-poore | Water: https://ourworldindata.org/grapher/water-withdrawals-per-kg-poore,Reference year 2010 (published 2018),0,Direct category match: poultry meat (global average).,180,200,1,pre_prepared,Poore-2018
Oats (Oatmeal),Cereals,bowl,120,2.48,482.4,Poore & Nemecek (2018) via Our World in Data (oatmeal category),GHG: https://ourworldindata.org/grapher/ghg-per-kg-poore | Water: https://ourworldindata.org/grapher/water-withdrawals-per-kg-poore,Reference year 2010 (published 2018),0,Direct category match: oatmeal (global average).,60,200,1,pre_prepared,Poore-2018
